{"cameraMode":{"drawMode":0,"name":"Shaded","section":"Shading Mode"},"sceneLighting":true,"audioPlay":false,"sceneViewState":{"m_AlwaysRefresh":false,"showFog":true,"showSkybox":true,"showFlares":true,"showImageEffects":true,"showParticleSystems":true,"showVisualEffectGraphs":true,"m_FxEnabled":true},"in2DMode":false,"pivot":{"x":1.2678204774856568,"y":-127.40909576416016,"z":6.162778854370117},"rotation":{"x":0.6964203715324402,"y":0.001076463027857244,"z":-0.0010448202956467867,"w":0.7176335453987122},"size":84.2777328491211,"orthographic":false}